Cmax,Tmax,AUC,max_dCdt
177.6907979253874,147.0,3025.0815098093653,58.80127267162183
198.10304051874382,147.0,3313.08927124649,65.4761325845968
171.7963045298833,147.0,2997.6895470196714,56.99547567038343
198.05836466721908,148.0,3589.1267274822644,45.73105494318452
273.52775284244126,147.5,5013.8729786640815,70.66069235975425
165.42016464137131,148.0,3015.7645995034345,39.65264125797046
215.6244168242491,149.0,4119.738655083129,36.11067571741083
201.71989192900207,147.0,3535.2093839873332,65.20408937605453
153.04759878752733,147.5,2904.7362793584202,33.36994890261798
167.60575179744083,147.0,2945.224932807644,50.52586907534136
202.92131187176295,146.5,3584.7572159454517,75.57299681729579
174.71961298001685,148.0,3335.364313805347,35.48995148978548
196.19913247929736,148.0,3523.132320748031,49.460458111181325
169.13057718769983,147.0,2996.2264297782394,50.524215962512585
163.64257661896374,147.0,3183.176660283232,38.15719386786209
180.87205320934723,147.5,3344.6907957599074,43.65656086551638
210.2106358306252,148.0,3622.3608498299986,58.04576892376086
242.8269263653089,147.0,4354.584785756399,69.9858385738223
162.67052296011965,147.5,2876.18671930433,45.022726916625686
134.99984397376818,148.5,2538.3042928839795,27.269599417173822
184.0612104084001,148.0,3340.731967080884,42.22701683029817
180.3483686575046,146.5,3216.062200890854,60.84969026300004
145.26477369702394,147.5,2647.1913251314677,37.752436918481706
136.54010521661186,148.0,2381.1675324030366,35.8536344890354
183.68397300501525,147.5,3208.9610696063673,53.55286732072469
208.64996923616545,147.5,3372.3382640219615,65.56619156820058
146.54968050245247,147.0,2646.7948693813278,41.306289354161464
223.36479167213975,148.0,3642.5236828893476,66.38336108939839
124.63950718242806,147.5,2175.9354033826685,34.88092871249742
293.27814766385836,148.0,5636.767567272817,60.55836113221778
106.97956623133162,147.5,2029.041998309152,24.665970957651567
114.87039102521724,147.0,1781.1241597201438,44.72432411745249
116.11868158915058,147.5,2006.6228311087966,33.098365827665674
171.09507894597152,147.0,2866.382149769637,55.446960209624436
130.43230214465407,146.5,2335.7999711222355,41.15032749568279
221.78599331076916,147.5,4241.178499274956,48.382365392965966
215.2524457726486,147.0,3754.139514868414,63.94983426692738
157.25748205916298,147.5,2834.5053376560268,41.527099507429384
205.28303561582237,148.0,3625.428278499223,50.68049371798688
170.67931092947236,147.5,3025.743083734023,45.18401115059163
127.61035534335574,147.0,2141.7904384596495,44.99133793176621
175.64260441787354,147.5,3265.9196097688373,40.96260157862319
155.64149456220568,148.0,3122.7431906929583,27.533593335633483
203.92831833376215,148.0,3757.907454602186,45.93293290124599
191.00266436662176,147.5,3051.2682733460024,63.18549792892544
136.22969180975662,147.0,2293.0305552611735,43.64820576254692
124.02042131253522,147.0,2184.6889708628396,36.85482933073618
180.45146439288922,147.5,3361.7279462694214,43.65711952800454
146.853961737839,147.0,2512.8968915861024,47.17453420481989
153.48691132891614,146.5,2526.3535820853504,60.06528916053374
184.89814410395303,147.0,3460.492534478297,49.81864421105071
173.72770351518605,147.5,3007.1058056980164,48.20453594474
148.19592774363576,147.5,2858.4250155302043,31.609322852257932
112.58656432062189,147.5,2111.0467447686115,25.510761429520898
170.7910138395177,147.5,3080.895909848089,45.26353244872894
148.75762884483154,148.0,2664.3549295551575,36.53999252470862
206.25249470189834,147.5,3660.6138707629398,55.451043945717714
244.6339988744522,147.5,4274.035994094538,66.52684439569771
178.61073106100494,147.5,3087.411560565197,51.140384021803015
152.92360199867463,147.5,2458.6715856928745,50.88810930784999
216.74431973020043,147.0,3519.0984189246983,77.15385138573826
168.71940668528177,147.0,3295.553422102392,36.118928557378126
166.19228245851056,147.0,2946.5697868839707,55.57077312479947
142.25404935096657,147.5,2537.1916866945107,38.74789370952671
150.64503690748364,147.5,2456.34044917665,49.16616752552649
161.69205604148243,147.5,2820.9465936100696,47.47179712689348
171.21934953569044,147.5,3104.502572140867,43.528316760231135
127.9077460931074,147.0,2147.8038855281675,42.14362683612048
201.44757012468986,147.0,3848.978060947492,49.97758509628214
104.54743584832485,147.5,1915.4998934611829,26.243210376298762
186.27238645393518,147.0,3319.465704951536,53.3922192496572
191.99302109615738,147.0,3285.2617076746355,59.927530808560405
115.0324946405789,147.5,1749.8333072756823,41.00339383344392
211.30929744112382,147.0,3633.206843619918,66.03510322131388
111.18379922438389,146.5,1929.1519785427297,39.74501961753195
202.99368690915844,148.0,3833.9679091091525,44.12164729933872
80.00198191590938,147.0,1264.7083060256903,28.394323026713458
159.07897581638437,148.5,3018.762133068332,29.81481895126562
124.01013541572048,147.5,1753.965032598191,48.04305539220927
201.84590506612662,147.0,3622.4543866420486,55.92942427733938
240.60831481442722,148.0,4557.9990590868465,51.573126711106795
247.7508206108344,148.0,4870.586427841332,45.06972022880606
163.82268164273447,147.0,2646.2376146424303,56.60458760476449
173.30138707814868,147.5,3238.6821971374548,40.23579095679388
174.4975910482228,147.5,3328.9092048324123,39.45298654899425
151.10886678244023,147.0,2896.431432874742,37.690363102768316
147.1196990512672,148.0,2537.0342144923898,39.564364932881844
129.16262629522905,147.5,2191.486935606611,37.21538123441715
161.5874520854243,147.5,2568.18485946614,53.94294545720578
143.60461325705512,146.5,2637.9763696804157,44.04304387331187
218.87472460440523,147.0,3861.6273289555356,69.7108071382211
167.76451554114252,147.5,3221.684139367833,35.98451907421561
178.55165241773477,147.5,3222.077251454567,48.01827790971936
134.48005365617547,147.5,2545.1779252730785,29.490261999494678
149.2985615389992,146.5,2477.903626028641,61.39056892375546
102.22301982343431,148.0,1800.2886493259414,26.324897081694438
124.07312782327544,146.5,2120.686777752161,44.63465719359737
141.38894143779547,147.0,2463.709394842468,41.991372837630294
204.6985650570436,147.0,3088.7802128713975,85.91257713856893
164.59592205302997,147.5,3105.6295243583636,38.5551673934725
200.0875972175987,148.0,3690.459131953091,44.13310304531028
158.38013178855243,147.5,2699.4948200147364,48.44327985928753
134.11917594688134,147.0,2304.6144028863,44.500451961156465
179.42594996439635,147.0,3063.682687149326,56.612246204017424
145.03015879784917,147.0,2455.366219985374,45.809826374851326
205.73739978249134,147.5,3530.7196003088084,60.465415182353425
90.53923839476587,147.0,1684.9106703403468,25.473059212874468
173.63778393211254,147.0,2486.87071520999,71.01308255250036
191.39216933030417,148.0,3168.9232677296377,53.91055815933275
148.14176436673628,147.5,2694.762429841859,37.517278131847476
184.96921060560138,147.5,3400.4897924035413,46.51128868574078
184.91526336844774,147.0,3364.1412502476287,52.111097717447166
135.92857901179406,146.5,2444.174034189914,43.92112493043393
160.46814707689796,147.0,2864.5595617779486,49.76225042150993
103.2436789149444,147.0,1817.3122767844618,31.42546881048756
116.19371855968812,147.0,1843.3877293188934,44.210718591739244
196.02390159092988,147.5,3700.086284552347,44.31313930538876
218.18937418322668,147.5,4072.438152691485,52.373393615346316
174.2998273670478,148.0,3288.7931535274724,36.300231271896436
128.22493407312703,148.0,2419.026594836815,28.3059706476878
108.41129481790989,147.0,1755.9535729952063,37.600249886778435
201.15181494551712,147.5,3446.7137218028265,58.87492211659435
139.46485791576592,147.0,2239.563221967117,49.27213627112751
185.2167141242139,147.0,3374.170520258115,49.29924325826666
207.68190544105914,147.5,3762.194425732474,54.72990710204121
150.29679287670214,147.0,2820.9444441385076,39.5368386118855
150.14259800772916,147.5,2893.3099797475297,32.18190754612567
118.600125368658,147.0,1928.5006194252055,44.14569842249133
123.54966459411264,147.5,2105.109048939702,36.65402533228617
129.65643462318923,147.0,2385.3034714301093,34.23581151045248
218.7318889713241,147.0,3887.3327629018404,62.183059988030465
118.58470794177632,147.5,2286.4145733482037,25.060915325889823
160.6072460675336,147.0,2692.642365622273,51.42097666126918
224.0728156049562,148.0,4316.483214243583,43.34874778482515
136.63362036671901,147.5,2199.7464880644666,45.13065754665152
149.28291222082416,148.0,2616.17107660489,38.585288431045214
212.76032531477716,147.0,3948.463699977445,59.127394519599605
194.44348084566022,147.0,3841.433214176748,42.14808602612142
160.0067893255806,147.5,2966.377208637526,39.56303013555306
138.66895326238267,147.0,2516.361748544339,42.829102155241756
136.68314115287956,147.5,2251.033452113991,43.150813589385976
411.3426684652627,147.0,6951.530661905137,151.9727044154979
118.77223193276774,147.5,2147.428675768855,31.971464424440697
128.3972682891719,147.0,2307.308595569356,36.050496368913116
236.15334341376385,147.5,3855.7773848932775,73.12451445639438
128.20235365000295,147.0,2213.482384465772,38.99753998944573
141.9587968049367,146.5,2383.34467398822,52.02164974178003
253.1522205802707,147.5,4811.483677894639,56.52987613954403
211.50222437360233,147.0,4014.167781149401,54.63933852736446
129.33076540161312,147.5,2197.6208315861954,38.352421065803384
127.16160683503414,147.0,2276.644741297705,37.026614448511
206.56824057339804,148.0,3904.9869848406033,44.754027515118906
193.0019269084966,147.0,3351.752505378775,58.50345370267108
123.15135199625499,147.0,2046.3585670195575,40.921526275482734
105.77026343605091,147.5,1750.8062296116216,33.51060988219899
134.9245227318234,148.0,2338.4358862448635,35.5414750435249
226.27519019952237,147.0,4309.475394791015,63.43691248385343
204.60084956704839,147.5,3594.319929092829,57.09484409546535
219.96663951886674,148.0,4230.388790073479,43.2701779370845
213.83223074486776,148.0,3472.221711799819,65.5988391441643
128.15944499906024,147.0,2140.473266259937,41.597679490335295
181.2381481041283,147.5,3125.715993464173,54.10171802402604
136.66602769405483,147.0,2590.534370249516,33.90960717865043
127.66548761103414,147.0,2325.9550214217807,35.949064613702134
146.97546786910576,147.5,2559.3051849129743,39.952717209437026
161.80895104386286,147.0,2935.097765742493,43.46829789997028
147.5037366035496,148.5,2955.207454025709,22.153200322768683
238.22700220402848,148.0,4442.446966202626,51.29082010532562
139.99861826927443,147.5,2407.063048924737,40.9322245768187
101.32698770883906,147.5,1570.3066903345652,36.26182583232576
156.57101253103087,146.5,2375.629997762536,69.08501134771318
238.69592957952008,147.0,4321.893019319308,66.21960369739769
182.01739937005618,147.0,3176.1482061973443,55.058447977219856
194.6669447376438,147.5,3369.2566787602564,57.568749218614826
79.79259647781366,146.5,1264.1856378632137,33.890856280490596
145.12549400894872,148.0,2629.385659863265,33.32599652247292
140.19258131145008,146.5,2620.62968402459,40.17039823340282
134.26859896276275,147.0,2416.124043370367,37.52244251366878
196.87372480499383,147.5,3933.8844535248827,36.68822149800934
183.08887924546178,147.5,3350.3775310585206,46.97141282626676
199.79000139233335,148.0,3958.1150162235426,35.39104307837164
145.55158628885363,148.0,2587.466424060114,34.95808640705805
174.2291673351245,147.5,3068.5373316934665,47.66048028798404
169.16475617915808,146.5,2877.9295525476637,61.24925333256569
191.96858173480905,147.0,2929.6738368082706,71.94870386357081
200.9426115633985,148.0,3890.3270460290696,38.78921802369041
151.81975619859716,147.5,2681.5610748592194,40.82260208220323
147.71878761160028,147.5,2525.950786887875,43.068956313087355
100.45527218497449,147.5,1797.559507920839,27.082109699930186
271.5903310012347,148.5,5194.837362351591,50.401648976904596
188.31695069627838,148.5,3616.5414399703986,35.26940905835855
160.01096750474312,147.5,2602.038537820742,51.1898063188938
202.49647097921405,147.0,3584.797845502011,58.06503232615009
132.6972017821107,148.0,2456.996536687583,29.831939337976138
159.2244813900627,147.0,2850.1126753250937,44.460248403147475
136.5425145245914,146.5,2122.7941898119543,55.47319031523283
153.11388674018494,148.0,2658.913116360707,41.10710936805583
138.06340606425425,147.5,2389.314008027809,39.44351195392507
141.17988542586122,147.0,2553.613881756889,38.29070732779721
178.76307517614143,147.5,3017.889436626864,54.81383236977035
120.78493498357236,147.5,1944.7872667241477,40.636950071926506
147.85619554651845,147.0,2719.633996573741,38.69916328284445
197.0574495528513,147.5,3524.981281003854,50.90776066360381
272.8446033052162,147.5,5056.187821870196,68.90530917331134
230.9225273713695,147.5,4219.170068639649,59.79353709890185
194.62843571902312,147.5,3641.072149698548,45.87833193050848
174.63438274531455,147.0,2780.2692211400645,61.139733102031244
222.01303073087215,147.5,4082.9920034544343,57.00216665921943
172.16358782493901,147.0,2962.2647382690257,52.84857331239489
200.76376983703494,148.0,3614.8003170176316,49.38530832308044
162.0248285401663,147.5,3077.6567011733223,37.14480017513252
120.61434672657161,147.0,2075.9220994656566,37.16470139751334
160.88911490634322,147.0,2899.7609308973842,44.18905472310141
146.84940562158346,148.0,2810.842986592588,30.19559236201539
143.06007890592593,146.5,2254.103892926384,59.995211620998575
238.06004131380334,147.5,4320.852823637819,63.62698420484912
219.08315771409022,148.0,3991.522007284949,50.46084244096457
165.50213163501445,146.5,2989.806054117239,53.432448028616804
177.57824877008892,146.5,2805.6080509144613,83.84155126183292
160.14829630131123,147.0,2643.0283232846914,57.28782636541338
154.92859549919683,146.5,2499.1198278011184,63.508063831917966
254.5155545973171,148.0,4495.203676984493,66.23461177710129
212.03208404717898,148.0,3864.6634973346336,50.0185039102026
113.09375794539265,148.0,1885.7428090943254,31.52543700926632
132.8654097457653,147.0,2188.7459708674214,45.62290880774735
165.40341680486262,147.5,3026.478191873867,41.03798476730847
180.63214313051748,148.0,3373.7951470452363,39.18087184113418
211.78391265236635,147.5,3814.8291440572157,55.6434630089461
129.79410981280463,147.0,2539.015792529932,28.020753278983946
188.3995056815617,148.0,3468.914146826933,41.28340695278031
156.75449521200548,147.5,2790.7979729918893,44.042490834645506
221.5949533946268,147.0,3478.2164712487306,84.37324479756707
162.0373763747603,148.0,2754.5215352448204,45.72187530002435
116.05817116101616,146.5,2049.615906853882,38.29980279978913
222.88488951311325,147.5,3786.449919412452,65.47343077795817
197.2937310601016,147.0,3281.455032902263,65.52304752673629
183.7962135209427,147.0,3156.2554666904653,58.6182926779648
184.70175606877123,147.0,3404.1749673252552,48.3380022617727
203.70605816772553,147.0,3545.9300231685547,61.090867628488496
190.36769231327054,148.0,3442.2496525825727,45.04723408753024
115.52357078755185,147.0,2018.7474564773886,37.90094720474054
161.8964143795836,147.5,2790.9987191537693,45.059401313659976
131.75311333513727,147.0,2136.5202725231993,45.81334563006098
101.14530383987379,147.0,1723.8353083787545,32.66135524544499
124.90595608398613,147.0,2159.886112368436,38.07489897366084
138.71498080545138,147.0,2158.501088773729,51.59561803766603
116.04172516028542,147.0,1934.9324861554214,38.424475719190866
168.92720020309596,148.0,3064.460470851898,41.69742861091805
125.89365457277155,147.0,2107.942037881933,41.127131685359856
205.40542999560958,147.5,3749.6679863481686,54.02306271713343
170.47795055163584,147.0,2851.0788270335624,57.78758573036886
113.49072418877105,147.0,1935.4451822961184,35.41809114206677
119.1303176883765,148.0,2168.876863291606,29.285681854103515
117.05940242492441,146.5,1779.1155166760698,51.929273475871874
115.59026217580647,147.5,2122.731629903291,29.723485300146322
225.6405353215186,147.5,3630.400898923651,76.20149427681612
128.3958034044645,147.5,2442.8440928084433,28.086965324324424
227.60131581570784,147.0,4045.3794216231836,67.77205944326546
270.6505188088309,148.5,5325.301557805724,46.468807434546136
152.09989004704806,147.5,2830.312589223533,37.374031944079505
188.838742125401,147.0,2976.9141213878315,67.90355605441458
161.6469822655312,147.5,2708.7235166102787,48.88951136048722
144.1237056656672,147.0,2600.8370470501177,39.45318200679138
184.27758820383212,146.5,3241.767904757035,63.859832613233564
164.5016102990833,148.0,3027.3196245278205,38.69566884183227
172.08333571496036,147.5,3323.9577907043335,37.89999865652024
157.8862262675441,149.0,2995.6263913077855,25.38656351487606
206.09066595212502,148.0,3507.857807382109,58.2968850195936
192.70957101304165,147.5,3094.5324908642638,66.29277903983117
181.19878748462065,148.0,3218.2662175969535,45.76070191675498
107.05822498603025,147.0,1861.608180090335,35.09427727110275
152.89624881782444,147.5,2810.515471061131,38.664723063268966
170.7317413338474,147.5,3056.92162416227,45.426140155289275
141.4780483114299,147.5,2347.745869230007,44.5652997766621
194.57262978406362,148.5,3668.499407780649,36.48809713810458
240.31474826593634,148.0,3721.0973839572425,73.93729492155714
176.65657546459855,147.0,2717.709226253427,72.17938523764359
117.0761002860443,148.5,2172.6300851026494,22.79054028437602
153.62154058505874,148.0,2610.1220868751875,43.461944179102204
144.9174687946809,147.0,2553.432202623091,42.14400450941659
226.9309089186611,147.5,4206.935184281025,56.92657722873052
76.46919483331708,146.5,1118.2934213813276,34.848092344575335
191.72685898904498,147.5,3557.741900281533,44.7054734237923
149.7417578101764,147.0,2792.994800647926,41.77999858190945
130.7352785967348,147.5,2323.265228812673,35.18082366159442
223.0920063842561,147.0,4162.052043659388,59.39520818211548
138.2250581944913,148.0,2467.1116306351933,33.13411531603501
163.167617778138,147.0,3265.7913574586582,31.956794277131962
127.24410645719658,147.5,2349.3690185501428,31.372334229684895
153.7568978483949,147.5,2627.84961577394,45.55651027373348
143.65757555395086,147.5,2648.953706740134,36.25934883468918
116.05542820816898,147.5,2046.3139828376823,32.74517276595729
129.55643655254724,147.5,2462.3632662062946,28.731787562580195
138.7210094911477,146.5,2321.2388800066856,56.00423884065515
170.1481172052944,147.5,3314.5401106054537,34.42876065640162
164.79590168868577,147.0,3221.782106526803,37.153717452567605
177.92126268186362,147.5,3625.9303226157067,31.858115409905082
148.8768867114126,147.0,2504.8852718033286,47.307831312043774
167.7152569172335,147.0,2673.271415963152,59.14990131995128
161.3165714356504,147.0,2878.8542404571026,45.53552893326905
154.48487674976158,147.5,2537.6011612480715,50.807011436245446
239.23956358605457,146.5,4017.967372107506,93.63650423855398
155.60444490848522,147.0,2357.7454343876752,64.79049406925732
140.85170479484256,147.0,2511.438206213702,44.24596496784011
115.34496287369699,146.0,1926.0404219921563,57.613984293683274
101.00191763771029,146.5,1479.9342005957913,47.961892562124106
181.17806399977783,147.0,3643.4480730277282,35.120055102111934
253.35452097758886,147.5,4634.68661422158,65.79046326683874
112.97639170485039,147.5,2045.5768748792582,29.5582693035184
121.76675159609559,147.5,2352.913236948979,25.850295580990846
182.491309917148,148.0,3367.0395652862826,42.92490359407772
165.61004078056408,147.5,2842.9517293503195,49.72178759852268
147.00064183667044,147.5,2810.56059058564,32.9163463136845
163.43412032718737,147.5,2851.5146447266743,47.458333691021465
133.81642499884902,147.0,2247.6234413388784,44.136464819313076
108.02246753419722,147.0,1741.9485821119024,40.068170658208025
161.49553422582113,147.0,2822.8982953414334,47.49423556720454
121.79871244985245,147.5,2234.928459232514,30.938741553080547
192.36491520622437,147.5,3884.2657474466514,35.29222401107853
221.6818254226673,147.0,3587.656818456616,78.76553992333096
148.81262210544202,148.0,2903.5047884964006,27.749596353314317
197.4978580917012,148.0,3766.5535380504757,41.849177639647266
136.37925381331556,147.5,2574.986161974035,31.280103722750695
203.1160417236949,147.0,3696.278186401363,54.46150730787285
165.05337055149354,147.0,2553.945547883927,61.76164855279755
89.1498124597352,147.0,1428.3903683258864,31.90074133730902
157.40219157422592,146.5,2329.1651587818087,72.07031994641686
191.85657018584536,147.5,3682.190440413826,42.455467225246636
138.0342222436343,147.5,2326.543064367589,42.57046486468646
101.66909103978726,147.5,1858.6410908657708,26.18182235233892
192.4326851158461,147.0,3060.4542270349057,68.41214835966788
138.0219375719343,147.0,2232.44632876399,47.546940040346996
187.58630061996732,148.5,3476.0626448763,39.58534677803502
172.26969127812268,147.0,3226.593298164332,42.41023228782832
183.38763024070886,147.0,3375.7986916404116,47.7152173139806
193.81965695795046,148.0,3691.2118018869683,41.252516943125855
119.19828164890795,147.5,2320.920759963996,25.361886575168995
148.0999240795303,147.0,2851.615918345108,33.77317887860059
128.9985037312585,148.0,2356.1192797356534,29.365661193956456
123.82063622788989,148.0,2339.210617048241,26.116842982861797
100.7980178862521,147.5,1877.94023560899,24.881253630636976
209.70646990151408,147.0,3800.8547174320083,57.312754760478384
169.53489727031337,146.5,2518.8750450940443,76.54498696076055
227.36105331033028,147.5,4177.7185165258525,56.80336983104371
166.13333390089142,148.0,3272.214452703105,29.152439410652548
165.19715561734054,147.5,2540.373754281573,58.52254997095237
159.90546508527538,147.5,2752.6752352174226,47.11201079041865
99.13154709510876,147.0,1705.5039869862765,31.159866746441203
131.15605273368737,147.0,2361.9722042287367,36.63999917210471
174.73308116272355,148.0,3297.4884327508325,37.52738702929116
159.39713757234787,147.5,2885.931923035211,41.7090331770608
140.62988918731864,147.0,2662.5111952109073,33.41689508675317
113.67972931702276,146.5,1748.4538998929831,48.533328026221554
155.6433554811987,148.0,2918.7977414717807,33.29481410551148
127.67922944011102,147.5,2001.2431327078086,43.34342530550908
136.19639787870932,148.5,2307.535270753769,33.695647425315514
222.7638368647779,148.0,3926.3775431556855,56.026456524745484
139.46195847029975,147.5,2453.2272219800643,38.44565518970093
127.20736340361825,148.0,2285.299273056218,31.813500394032218
226.47719677119912,147.5,4410.070222265691,48.325650749945396
149.5396267354871,147.5,2729.1982313495173,38.282817988849075
138.90713119704702,148.5,2246.4079918347097,37.94582309113383
123.23833225795619,147.0,2166.8550804244996,38.8766586790998
142.85091800344335,148.0,2589.7970648471255,34.75556274653492
102.49754805017754,147.0,2033.8717456365428,20.90656183302508
137.63243358283722,148.0,2699.7967559297967,26.71036773359259
143.63397957362724,147.5,2468.8315462847168,43.57214990723564
131.4233909390648,147.0,2351.4047797770313,36.78483518115824
184.05394700116273,147.5,3259.7248360607023,52.024701104446734
113.81015229764658,147.0,1954.5434040918053,35.44667309778558
112.53322318492037,147.0,1806.583223195562,39.36813684680725
114.17138294276579,148.0,1889.9554738232537,32.205489438340145
144.5352264490365,148.0,2683.1326867266225,30.779247868629056
217.6021942955608,147.5,4183.228409189216,45.565305515826196
203.36925806760465,147.5,3668.212163501503,54.44025245913832
119.7577088801607,147.5,1907.5613359621127,40.27204877362181
151.3617445123113,147.0,2912.074192852523,34.32626573246367
150.67352862289985,147.5,2415.1012160623,51.59531965375264
154.78457881979725,148.0,2810.2271694167052,36.51929818578492
111.58415691067167,147.5,1961.517479083815,31.98093872716582
192.82502857370164,147.0,3406.7135790680077,56.08736114748008
208.74267600642284,147.5,4007.637414894581,47.23418559458696
191.0255303011254,146.5,2838.3191115673317,87.75294768999035
152.30840202536118,147.5,2736.362851491554,40.31405593204474
124.4164560260924,147.0,2160.1602593900407,39.58725726672278
105.87925265290443,147.0,1569.232325929166,44.63762989091681
176.91797834334844,147.5,2687.052828586343,62.6404558422381
214.48122484095336,147.5,4177.852061184409,43.515808643863664
143.0540340331882,148.5,2788.5049604986034,24.613433454386623
196.6309660478479,147.5,3359.0223620043007,58.8646860490269
135.17476571622245,147.5,2085.442723937974,49.29707070456259
270.8559717098945,148.5,5366.110319168468,40.76924174925813
178.66946723633066,148.0,2867.229551029275,55.39984197513091
155.5475377504453,148.0,2867.186422340492,34.31346752281651
115.22967867991734,147.0,1741.0718086198199,46.330597900661125
168.3342572394568,147.0,2820.1547748110643,54.92274532631622
138.512954044819,147.5,2321.5811444272463,41.24663886645625
146.18065375453497,147.5,2705.853563941376,37.099578529306655
205.11561842705044,149.0,3849.6263173194284,36.703304950125826
96.14165022728042,147.0,1680.783732853675,28.33519893131904
152.3476210889454,147.0,2491.7760901541965,51.0726191389069
144.05971173757425,147.0,2740.1858753377874,35.98929906224194
176.49167974837894,148.0,3249.961515519753,39.74297300218802
247.24179019045752,147.0,4420.454362335626,73.99980187341352
162.27468470438782,148.0,2858.5810955933707,41.09634330626335
161.36715083999127,147.5,2521.1756602693326,54.77520994675892
194.56560499056405,147.5,3570.6630034480254,49.134254355327116
180.58768192452052,147.0,3179.633214511633,57.959506252863264
231.05744532886106,147.0,3664.337400262256,82.25297213081706
121.40231017549584,147.0,2110.344657843524,36.265657453577376
142.94944615657013,148.0,2248.592969394058,44.41647515272761
106.47693058884289,148.5,2024.9801536136017,21.22159514019718
236.5901052956614,147.0,3960.1013991101977,76.43151594730502
141.46363398497988,147.5,2384.332819432242,43.84829190137275
141.3759091922984,148.0,2795.943692150895,26.614758325758814
190.8233946876964,147.5,3746.1576068067543,37.37201182488943
165.33854057067055,147.5,2671.9473380957297,56.14686769113473
161.05748152923408,147.0,2795.843925960865,50.85661506435581
139.29704558400425,147.5,2335.0437319645425,43.9674832695501
288.9473239266579,147.0,4604.611686878676,101.85344389183092
188.24064628996217,147.0,2982.303194551312,67.7852407262768
200.7234609583004,147.5,3383.735095417558,60.84012952790074
163.63889076148897,147.0,3324.5286786427973,30.848065930269684
136.68883838552196,147.5,2335.6002248507907,38.71791851446194
122.51643044985848,146.5,2109.5456230039563,51.32954938177397
157.73590386778105,147.0,2749.4661957409508,46.78754104838073
152.01739239834558,147.5,2883.66771559889,34.55721925186782
157.49150759391827,147.5,2902.083857437097,40.19202064811836
115.58674288337235,146.5,1833.3151006323496,51.75939605119561
86.06851720681668,146.5,1649.359346950118,22.57375720309865
226.35776039530361,148.5,3942.5586631466144,54.754128482558
112.89503890456047,147.0,2065.847396131747,33.76098361583927
221.05253131416274,147.5,3772.3207287870414,64.51112547694962
118.21551183285125,147.0,1871.291361760105,45.12144083691782
245.61496568682873,148.0,4400.773835963258,56.87807694684193
207.64710744130318,147.0,3415.835820924776,69.46290691884448
154.72440992471184,147.5,2486.3559535606337,50.38210071763719
158.36302985874386,147.0,2638.4188049687727,52.50121065116072
104.92330838425984,147.5,1869.79396030926,29.330015470793775
114.45900691537946,146.5,1858.5226475309132,46.13004716160472
160.13304238802857,146.5,2712.244455554824,60.82995929602845
134.92824425085712,147.5,2470.8946064620486,33.014028906278114
135.65582628294476,147.0,2121.321878065353,50.085591197414615
139.2818551360061,147.5,2622.9460023608835,31.06596792393701
130.97073044930346,146.5,2359.6980293212573,41.4062540719046
104.16328413292715,147.5,1918.5504117009384,25.405881938476895
190.47726547376885,148.0,3191.2699023661326,52.696995412050185
165.91224567682116,147.0,2838.6730373245555,51.94716007322411
171.54592587689126,147.5,3246.4300317623656,39.70642826571263
129.72616466271336,147.5,2252.8153572399524,38.51291158236613
134.55378732133894,148.0,2291.2078618268715,36.10626573440672
176.7346922847806,147.5,3041.513592754287,53.47953246703558
108.5185270999679,146.5,2000.6836699307328,35.18662003730379
215.76973000201147,147.5,3721.5351121079834,64.25025786182964
203.39895682069672,147.0,3527.5533659815396,62.28328224918057
231.53127173772558,147.5,4277.311730772131,55.551669485857076
186.21146462093063,148.0,3537.693154135107,38.75781125695738
122.79839913042264,147.5,2071.7246366615796,37.61636900148285
155.17458186257204,147.5,2547.683596639329,50.57093634063743
151.01942984681872,146.5,2224.4610393502808,65.05912617715504
149.73962345842614,147.0,2303.2635099986064,55.78595431810503
151.82825511840082,148.0,2404.9836849915655,48.55560509694328
217.8861384858403,148.0,3883.94230109844,53.272169621813504
135.6351652166774,148.0,2147.266697903703,43.504011958444636
217.32260212758823,147.5,3647.5432529757873,68.97435008531649
194.58859067150394,146.5,3414.5566047605507,70.15805458183226
137.2314558648882,146.5,2231.267651789319,56.09046269317616
116.63954118453006,148.0,2273.9960093271734,21.72353764021487
170.93667067645197,146.5,2757.599631985864,68.20964509462796
104.56520165629487,146.5,1658.1719628252947,43.60528372806846
164.53224828492213,148.0,2847.435453395603,42.009024905826664
150.51661224259112,147.5,2583.290583293917,43.48981039251328
191.55590532913072,147.0,3367.544744503308,61.3765778244328
216.39761965403798,147.0,4074.1580599486624,52.999071736275965
177.05312176525226,148.0,3307.332358859443,38.657352836795255
223.97021111363134,147.5,4107.013226735985,57.86267021556961
211.3716076470033,148.5,3606.845975334199,48.00861827457753
163.1673725980331,147.0,3114.107103216128,37.88458916483606
163.59674311472568,147.0,3026.4425262417626,47.46032502280572
222.6334642971146,148.0,4118.050057418537,51.09739289219823
141.12479787170176,147.5,2737.4893219269857,29.535782471081575
204.62258395701548,147.0,3638.8676207731305,57.77375418988623
178.4273304069668,147.0,3216.003416528099,50.44837279903142
116.25414398889274,146.5,1858.0436061677422,48.13366621039414
135.54425040006504,147.0,2282.7911458686176,46.35709999154864
139.03331990405803,146.5,2463.6897477626558,45.254733046358695
154.82271183372936,146.5,2690.5928137462824,52.69051745472878
148.64616176091903,147.5,2753.8302194328107,37.20348863159852
198.48690527097975,147.5,3820.4622993639377,42.657969351680435
189.39293250716386,147.5,3515.970903249239,44.535965083148355
191.95979935120175,148.0,3498.6664787019795,44.57324498859825
215.5492880783476,148.5,3885.177561492149,47.95171029021046
159.70344638156888,147.5,3048.552443874809,35.512258813068414
159.95505227453359,147.0,2743.069039974778,48.87675804687335
140.75761759919777,146.5,2559.2553183139335,44.337871876240456
141.74287807922917,147.5,2922.449461880166,23.91211173521218
158.1405264542779,147.0,2697.3436853880316,50.84184483936656
112.43541444492308,146.5,1599.3376778935458,53.40742534229226
138.62780784623226,147.0,2257.603129578102,47.17176028498078
118.80934358526288,147.0,1964.7727995629104,39.83326546894334
120.87167418139983,147.5,2132.3062440308886,32.962326976599215
231.92159009785559,147.5,3976.0234650469574,69.86333117446918
106.26834945003593,147.5,1724.7530642800593,35.82274007657846
171.6100972690639,148.0,3015.4578617213024,43.863234464159845
120.57997386945462,147.0,2153.8809745575327,34.164932357756086
202.736977133349,147.0,3559.42924753189,62.949922994246265
209.17305160902237,147.5,4138.465751399197,40.36158580983752
163.05798215462715,147.5,2953.1874579421474,42.55454940022658
137.37708718658595,147.0,2579.0073984386554,33.526008396958176
160.97509410368136,147.5,2815.453466462989,43.55497411874424
155.02976578821878,147.0,2655.507545642024,49.35955857250512
151.69192358173984,148.0,2998.5602040535805,26.55123695099931
232.1598993996335,148.0,4169.477256048045,55.585017791452486
154.8353464077901,147.0,2833.7501342941905,42.9779641189688
221.2138772784768,147.5,4263.982322883476,49.46723001770002
242.53632898811625,147.5,4483.40003236313,58.29687226071388
210.72358737617373,147.0,3922.2879920609503,53.07694184458029
126.97411483959655,147.0,2445.5316821960073,28.646956301122756
129.8112624171358,147.0,2337.4284342069677,35.637672326736606
162.25937650893033,147.0,2638.6359200808247,55.31372392000176
107.1390163274888,147.5,1764.331120005002,34.951187672139746
126.05335917201221,147.0,2307.6061124036887,33.85806963050592
165.81105770421155,147.5,2844.31318042776,47.32804659323777
143.79646015003914,148.0,2281.371007065153,46.2035613624425
178.8991235796858,148.0,3497.6681631139363,33.88199543417814
140.20426701173218,147.0,2438.244758115352,42.063097867301465
137.432174488802,147.0,2366.207177419526,41.795398338324944
154.2920175900384,148.0,2694.6583218223514,40.64271241636146
120.90473301638592,148.0,2193.112660247117,28.433198351469898
284.2457181138741,147.5,5490.942526544264,59.82662823457002
201.2314327915263,147.0,3764.308338608801,52.441966058300196
149.68643595242915,147.5,2721.882918690685,39.74117764181929
186.29767420763895,147.0,3114.712549382815,64.91139790623241
106.30295083194062,147.0,1755.4156994194989,35.6938832109094
172.4769606654882,147.0,3142.3616773438675,46.20386042245187
164.53484432393967,148.0,2983.603737464653,37.11989441942971
188.00483714095856,147.0,3331.7978821555917,53.727204529762076
299.8934809602215,148.0,5317.606323422686,76.21790810087614
116.12948499092539,146.5,2044.2341625926208,38.37228715329654
208.45083178331157,148.0,3886.0835704299625,44.69700565433517
206.09247992127064,147.0,3873.3471879431063,50.43545495663639
141.67312203223568,147.0,2445.340974156177,43.350023805661294
104.47011761395268,147.0,1767.0651435938216,32.8072077130284
141.3983559564351,147.5,2489.31870667231,39.90857140934821
184.34537524157864,147.5,3326.033361132543,47.75551603019913
127.33563586549293,147.5,2202.0764102547505,38.11064672219749
85.3098609573063,146.5,1450.288862839461,34.647570984509656
123.42124508490811,146.5,2175.7685515514895,41.512183975506076
237.02200669947638,147.5,4426.334225063538,54.32121807908621
183.4352082430168,147.5,3484.9777784259613,41.759635161422636
185.97894095406127,147.5,3031.464714469337,61.38158348979654
168.99571244250362,148.0,3180.2455404242796,36.154792159938765
142.6392471937315,147.0,2474.231546550334,47.15557098705828
218.99101106396313,148.5,3725.3050855714782,55.36312218847442
232.25457095027303,147.0,4257.61960930504,63.91818011539455
202.82612986372115,147.5,3501.271772666972,60.534122744738426
171.9160261269961,147.0,2548.5647510045337,67.28165510851245
153.56629204285028,147.0,2802.760835962538,41.14547628388691
188.0478901800918,147.5,3560.1180553549084,44.59644051666234
148.0191226905953,148.0,2830.41691992697,29.805909109389802
137.4859668422447,146.5,2437.4282380417735,44.404335223787314
120.53384813894155,147.0,2274.1107969926616,30.912454826919472
138.33495307681915,148.0,2595.147530955618,30.657804210965637
179.7766474871542,147.5,3471.2104022794974,37.70723219500992
166.72157366489088,147.0,2971.0963643539712,49.03012393235569
156.58258713547085,146.5,2530.8107508868006,63.93847332598865
71.38216548061483,146.5,1182.5568673595308,26.745353301301062
210.68317250391712,148.0,4012.123054343672,41.348169357691575
213.08036331424478,147.0,3497.0893614945817,71.42254825038653
191.2378362023132,147.0,3600.9978059053897,49.2306203579341
129.25406567230877,147.0,2516.7391050279134,30.354477143791044
185.91941285342074,147.0,3190.637278766741,57.79319090179884
169.49292159225377,147.5,3062.2507724130846,43.644634100509236
171.7651880355644,147.0,3172.4575154940358,43.99697135813804
168.6566134550452,147.5,3046.3863682212213,45.1842223604412
158.1113692675468,148.0,2897.5161632286276,35.33258435785035
135.0172947717153,147.0,2254.7614599244516,44.00054840774747
156.80116701858222,147.5,2909.0341186658607,37.769591630836345
191.374287481893,147.0,3760.8849601667876,40.25794566934914
135.9454862678889,148.0,2563.1918515373654,29.489626606198314
175.4749769288161,147.0,3091.693351489772,52.758456766273426
166.05301451963174,146.5,3034.574082232069,54.69420212407903
128.55795762292803,147.0,2220.6094803691562,39.5737312025429
209.93703967710732,147.5,3676.28943883573,59.470126437546824
169.93654114113218,147.5,3123.5869089681455,43.11494343520451
180.76716605441757,146.5,3428.7364506509575,51.01263366904439
164.44817290711558,147.5,2806.172396687849,47.59251001018221
159.03186511666684,147.0,2927.6334415106976,41.421195417875566
134.09526162203898,147.5,2503.761949535892,30.782986183750026
175.58409693428902,148.0,3297.1940495423705,38.21536067364815
177.57650487222614,147.0,2878.8395085711936,61.2269680595051
150.70018268939407,147.0,2724.966018860415,46.54275803574623
139.05407955571226,146.5,2450.4673110094923,47.93954626968117
117.3563686468548,147.0,1969.1617618681662,39.484763529354176
189.18577067485575,147.5,3108.334371242092,62.46603211135803
195.41046556444496,146.5,3311.333698830332,77.87593707855083
148.05365264927914,147.5,2796.0311286992123,33.470103948181446
192.43075493142334,148.0,3553.378981137165,44.596729274747744
222.73391498359567,148.0,3885.2497885880152,54.85489581412605
180.513417779112,146.5,3062.215097384079,65.1619164358508
135.3182056327331,146.5,2193.8753117449473,53.76394946976248
126.84457063497668,146.5,2360.171718566328,41.635346383837955
137.65954403884106,148.0,2452.410584485781,33.65483272156864
159.84298844597063,146.5,2753.560839723219,57.82060360594865
136.5925585564747,147.5,2461.6857500501474,37.169924101421515
248.2139668588895,147.5,4516.768003961,63.99368639120303
149.89257121988436,148.0,2647.9878658966804,35.75581783004117
202.36857978030588,147.0,3538.7295922571684,65.94248030453446
111.57176599482341,147.0,1935.816798751664,35.82714848639623
163.93952297066875,147.0,2800.850594983986,50.66123193383004
199.55695022480958,147.0,3535.6434437140715,61.104986838778316
265.0485991574167,148.0,5138.136673451322,52.0817632425871
165.3543614105784,147.5,2817.18777321298,48.35313693045974
118.78483290430786,147.5,2068.339654660385,35.035457656454525
116.71038398735871,148.0,1721.6824065221163,41.21473273809846
210.39718771541575,147.0,3393.2340917231345,74.10947552382007
106.81480854787088,147.0,1901.8814347133068,30.151170290362984
134.1402262645251,147.5,2505.1072076982723,31.36145225537024
226.06609012456977,147.0,3567.712907248736,81.6809526537323
169.3282516508855,147.5,3333.316555046068,34.00424547728319
96.27791738016535,146.5,1617.7743937998284,34.727403372022465
180.43364785666103,147.5,3261.852035257486,46.20296956262126
115.46482273098853,147.5,2102.4405749944103,28.56406106341815
220.72128370543436,147.5,3878.3113206247203,62.94531137547155
260.3936004510953,147.5,4676.376384247187,68.79945009964737
145.00180172392564,146.5,2485.4091058019903,56.16523244779901
121.74684717151604,147.0,2223.1774395002176,32.56836909396122
347.4422163687591,149.5,6990.772875549324,43.79355314248605
141.7994263850904,146.5,2389.325930318989,51.77109605941915
103.19169171266758,146.5,1786.6285077327489,35.766694652397554
167.04097519511876,147.5,3012.255831189554,43.71210124726059
120.03507842956067,146.5,2084.576813188104,41.4082532487288
218.9316605884188,148.0,4027.764958196374,46.92972859082103
126.83596478772868,147.0,2308.4026661692387,34.10086570443451
156.62716377473882,147.5,2909.1664615189547,38.18176215199938
178.3963480036731,148.5,3445.5694104237464,30.080009870816568
96.38474953651493,147.0,1694.9204324558295,27.966392968915287
111.6059747421244,146.5,1866.9652167442655,42.56618383740742
128.3687256394045,147.0,2281.8855790224857,36.42327097123129
127.22710135644729,148.0,2173.6584123400285,35.57975538580904
185.05948654881425,148.0,3310.488763903967,45.30496550767266
204.9281509661706,147.5,3709.020303589792,54.54920616369668
198.87848963910935,147.0,3516.000430832155,57.21991181335679
144.44458186752493,147.5,2564.2318666738183,40.27130839564737
132.41512336038767,147.0,2536.9015126470513,30.407972135181424
186.6393176486245,148.5,3383.374640470146,39.29140893331139
207.69000032856,147.5,4085.956371779714,42.79112258414301
155.78020736696186,147.5,2636.5310789902096,46.069527933416865
233.71426381619966,147.5,4378.771937055967,57.085319066716465
163.31807990315656,147.5,3328.5666159555094,29.152904922956637
136.2657578968159,147.0,2212.3821923725995,52.18620721186653
270.64538192770743,147.5,4459.655857678394,85.24442743353436
167.10893167030778,147.0,3255.9863564855186,36.76733085066708
157.63238412061048,147.0,2733.3102930411233,51.16234165404332
174.91181504363402,147.0,3054.3754596922463,51.67958094096332
148.67285457249102,147.0,2368.9267489529257,53.041726279097716
188.60552451620558,148.0,3455.176565419775,44.5205183071872
189.1651468647746,146.5,3169.0971270070486,72.78972979106275
133.76094439668987,148.0,2309.1926244773285,36.480211785721835
160.84035347907457,147.5,3096.80678407945,35.59416016304242
98.31440286704051,147.0,1423.3484127265383,39.51250756239651
120.9530721848188,147.0,1771.7879601951004,49.240156918588376
245.12008156371465,147.5,4714.900864950829,52.4293069781603
150.14941135972694,147.0,2449.356832322171,50.85561193890598
225.47074997977367,147.5,4029.0302869339894,62.54214311454851
177.78834803394778,148.0,3210.7177042717517,42.50009252270861
191.84392094438667,147.0,3307.4417207984607,58.50829026125783
173.56343278441963,148.0,2995.1901506235395,46.99829619044631
229.87296269731198,148.5,4191.573171312293,49.80638210608754
140.0568049938902,147.0,2390.522769351217,44.48420230215903
118.73220977582714,147.5,2206.3314086615574,29.443198678812934
126.35902667848445,147.0,2326.8551290355076,33.57352351539954
201.12704817050826,147.0,3606.0894843214164,56.460270087749436
189.80299079547302,148.5,3703.1816692815264,32.803643904040186
144.7348796089494,148.0,2385.523561551995,41.70933833878179
231.122484229567,147.0,4245.4453085244795,70.60003706529746
219.8117078644919,148.5,4378.924807553696,33.78263425779758
178.5724057509019,147.0,3286.546545874605,46.719947307384544
141.0035978579143,147.5,2220.7611482383804,48.45311291265287
96.02448095973314,147.0,1583.706116494022,32.300577449027564
201.7666650084537,147.5,3763.5433194060192,46.547228758216335
150.77647702269235,147.0,2791.4043951451595,43.147158788997146
179.65340117639235,147.5,3535.835203688788,36.08207787076387
176.1540907695339,147.5,3087.2915676923376,47.30486063600263
183.48294613132018,148.0,3082.7925106974462,52.208959120462524
222.5434441504057,147.5,4255.766110967621,47.85416552379968
106.44120959278182,147.5,1675.2426591517142,36.30673495565953
124.2957501995372,147.0,2294.359502230497,32.44745532655321
113.62512937865833,146.5,1952.1800227937294,45.722399436583935
158.92157568294354,147.0,2210.5632135926935,69.9311285482002
163.9467578946324,146.5,2695.822957797626,62.787925901862366
178.95062749967354,147.0,2917.306857901291,60.29403369940451
202.3034929751231,148.5,3898.8866448160607,36.62874994656653
100.51789992664236,147.5,1665.2193848253098,31.613358883372733
139.02836052101313,146.5,2606.608076638009,40.09846766344259
126.7088838380054,147.5,2424.06084104,28.58239492942033
161.248367787211,147.5,2891.7480813189495,43.13669942677889
169.86814274870315,147.5,3076.655040038835,43.14455702588003
204.15023172999517,148.0,3746.2055063803846,48.50526895382876
195.97323460828352,148.0,3261.788254608494,52.66268204127708
206.50372790293804,147.5,3964.604703183166,45.34737979476037
109.91798802799865,147.5,1667.542742440185,40.62082786950126
118.47293519159787,147.5,2274.7581532634576,25.536527549263198
130.44986471861702,147.5,2296.5793802403987,36.08422821801078
240.91924788039748,147.5,4555.078884040891,55.49869921064325
165.86764186109335,147.5,2884.80767113323,47.73973018666216
148.17790735511983,147.0,2688.7752408839415,40.045774615801406
180.6139046808954,147.0,2735.8377609493787,70.15989226828603
123.4494735901128,147.5,2139.7243499400047,36.077858317378585
172.0073221723193,147.5,2870.636327893215,52.49859512808099
134.3475736083965,147.0,2210.4447324079288,47.04837301173083
245.60505934064832,147.5,4660.163714393017,54.152524345459454
171.83608994753155,147.5,2965.7579562697742,51.685247243677395
110.06447208700624,147.0,1877.1081924843136,37.42349982742017
204.87101777804168,148.0,3802.4222981182365,45.57378326696215
232.7351551694097,147.5,4321.98235665357,54.05196415284138
185.49469055207612,147.0,3264.3548930165243,56.86563028060243
161.39283675486612,147.0,2872.123708941606,45.43878887031609
168.32616801547647,147.0,3298.2256863274465,36.24624223340497
160.68761084907632,147.0,2614.822813668034,56.45083385078277
85.7429414789989,147.5,1424.7486968020557,27.745526592064373
106.83252964153107,147.0,1922.426469019081,31.269104132092686
178.29963688979467,146.5,2797.517214803674,71.88324523254772
104.48149790711128,146.5,1899.595778062228,34.50830635780438
156.00715893684674,147.5,2588.4592765436564,50.47784031467383
260.4577065192618,147.0,4998.647282373206,63.46544464414586
187.40460006565945,147.5,3021.6787510307004,62.085237344116294
157.48500608749166,147.0,2812.4688642350507,44.12616610287448
102.44089580475486,147.0,1788.3116983588075,31.47540334774854
234.32312837335485,147.5,4161.044067041112,64.31917465398467
210.21154388661424,148.0,3452.698970162839,59.91017336991938
168.2645256629142,147.0,2764.4281948099942,57.26382529934713
182.43890815370395,146.5,3477.428022383073,60.375919525252414
133.40712123187276,147.5,2444.2304602232107,34.00570331368968
150.97583559558342,147.5,2610.1690822200258,44.890767156162354
200.77558656029032,148.0,3457.628451596674,53.4396697512863
118.97912371536016,147.5,1843.9290733319986,43.09516876103177
158.52587359787617,146.5,2623.5868172474156,60.99150912572371
215.3500052538334,148.0,4282.014299469765,38.04365513066236
130.206022063467,147.5,2484.320711426324,29.980723858060387
168.34419833694702,148.0,3133.3814533897425,36.79857509963138
111.9977964969032,147.5,1965.68005506732,30.732201332153153
155.0843759981037,148.0,2764.298191150183,38.00464122966525
135.99547812235647,146.5,1859.6810403383374,66.05181362648112
131.60252438209542,146.5,2355.64695799776,47.267443497088834
136.87263545796242,147.5,2550.6672461003736,33.48028308909092
243.69562523471583,148.5,4798.25505114258,37.48466424143146
161.99633769666755,147.5,2748.37450398038,49.965171538485706
151.08125197025015,147.5,2676.66231154474,39.615024920894314
122.91275584508347,147.0,2245.3550470591526,34.67904340056617
157.37822047598655,147.5,2757.627653328887,45.50427896265106
162.66984220359154,147.5,2845.4597938510406,45.94125299340628
170.43596666463532,147.0,2809.7410378867253,57.35770607675303
108.04092927925932,147.0,1898.8013175115173,33.43293758373491
243.92478334327583,148.0,4687.3464686713505,49.59889602796986
146.8951918953796,147.5,2437.248782504676,45.59480293275452
184.9856215788465,147.5,3432.9941630205126,43.361898209670784
215.30327855771537,148.5,4176.931065071261,38.9528403957504
107.28982681251617,147.0,1823.4249223973595,34.101205830906515
195.28367228448724,149.0,3574.781194594466,34.73217438018983
112.18926758123602,147.0,1853.819461319884,37.5491853005938
271.66375968817005,147.0,4467.630023287386,96.68683107447228
201.34840273206362,147.5,3554.0010800760283,57.17937482520118
130.24336109780793,146.5,2247.1006844416434,44.97219642869969
221.6541340901755,147.5,3902.0253172510897,62.88946431622925
178.49632099632933,146.5,3018.7171628105043,63.73152989072297
141.3679163147132,147.0,1977.4633545897882,62.49069662647389
134.23477328347258,147.0,2531.266428327667,34.321885790904716
99.71687647930175,147.0,1643.9112532814006,35.93190936423767
240.29619901063364,147.5,4716.5854967585565,49.28143420656991
130.50181022018054,147.5,2417.50175311664,32.32086403439216
76.60282491983683,148.0,1321.8218022078538,20.646967286588698
157.80523664847593,147.0,2745.2467330959494,47.5508831284272
163.49486376383524,147.0,2934.0438257900905,45.718234937079075
124.0511256352918,146.5,2213.0266642512597,42.11635425984807
132.6265446067773,148.0,2559.422255465458,26.99336013663911
140.5606747212129,147.5,2622.4331173215833,32.90219527071106
134.69450416798514,147.0,2338.4828021909425,40.58086825966015
146.8313028925073,147.0,2770.9715348079585,35.66009580559499
147.22004974431158,148.0,2331.763259141516,42.76014072481756
129.36314000914962,147.5,2344.1252752295422,34.507713595434836
246.7998127464818,148.5,4405.294237873963,53.00841184754128
197.33787833367774,148.0,3852.350576031172,36.72545999005851
151.75972362653488,147.0,2656.9032576522213,47.3592152377437
169.33587419201356,147.0,3071.5113119509842,51.72992026102108
107.36638624151679,148.0,2026.2920030191112,23.94657503480181
146.7396806450279,147.5,2792.3986046648165,32.91186127556149
198.93769012214497,147.5,3606.344862984177,52.30214928264728
290.1574292327075,147.0,5204.594835222451,89.51781909374267
154.90245474841595,147.5,2755.279978378191,43.00142980532691
85.94461722611803,147.0,1566.7587179767672,22.81507320862518
100.75852023744883,146.5,1749.4848876556855,34.830828691523514
195.66120198059292,147.5,3320.7930516620513,57.76199869076899
151.84817437939847,147.0,2681.56114023275,47.40131417713191
195.22781883924915,148.0,3631.2541389694293,42.441104086242476
102.97571464794802,147.0,1722.3977027727701,33.104358127686325
122.1695909692237,148.0,2318.255397112597,26.245578044999732
175.8234425928108,148.0,3112.9509909541434,45.51995752693399
203.52695617602222,147.5,3955.470479984266,44.11786538033866
125.76111496982284,147.0,1978.730057101052,45.31547133796556
180.1244786069863,147.5,3196.536499083254,48.936034577553116
175.168695940142,148.0,3121.4164403913464,43.59243989330099
141.29253106793925,147.5,2626.8090094559266,35.01984292370773
159.78183926684986,147.0,2580.689219881011,56.803032202150575
160.43040417625252,147.0,2659.028934257617,53.338791619043164
143.6907958295568,149.0,2760.8211448932043,24.168162248126038
202.64911929780334,148.0,3773.216706907369,44.428740512262635
175.43715111045623,147.0,2833.5782089718905,60.638941157429244
143.51593550186183,147.5,2487.9610839808684,41.53780268795998
210.07229376865223,147.5,3552.976688856686,64.31057533426599
122.07773553871674,146.5,2013.0267685903636,45.762917497970015
148.7042416922782,147.0,2613.456321728567,43.27600973654431
149.78607723063786,147.5,2610.211593861265,42.73623429659462
159.03375388553943,147.0,2851.534661391168,43.96252000070676
142.2092464841159,146.5,2430.540894987277,50.07192897294227
121.27894473872168,147.5,2119.2834406536954,32.99697319737538
234.89855211701664,147.0,3925.5643030532847,75.4816154405234
159.65402970055075,147.5,2952.4533902858775,39.54413187649617
159.25745963937644,147.0,2882.0081210063067,49.07736617387582
121.82672339609451,147.5,2268.9521848428,29.898609943524335
175.93021119985877,147.0,2813.068990485698,67.01606825764664
205.19871492441587,147.5,3912.110530857707,46.49648600337619
143.29307009904636,147.0,2310.8361603573085,49.06048828958552
135.7182412158048,147.0,2074.4657095366083,50.37465073572873
220.5440092057832,147.5,3809.2790401785246,62.03877151358573
119.04002877209194,147.5,1985.2306868125313,37.98331537874323
148.5238230453927,147.0,2996.478611675432,29.638169397581507
126.73525297296878,147.0,2596.494939858623,23.697596608178984
248.31864972870596,147.5,4170.282385029656,79.02696192855205
122.51861675745428,148.0,2471.3674376613462,20.624258196270716
166.17214222766873,148.0,2918.401157103006,41.43543127613832
113.45873755720712,147.0,2100.9728742049065,33.958863695968034
109.25106335268826,147.0,1918.264132543014,31.821293526984583
187.10303764634045,148.0,3349.53462193925,46.747857625809885
118.26592801910134,147.0,2066.922437760317,38.18565580077347
189.08299579219138,147.5,3322.815986272063,52.00633748232043
95.11646458724447,147.0,1678.110274819276,28.755372833576715
168.6512054132503,147.5,3156.8014624703624,38.78958234558384
165.20584350345317,147.5,3018.88842619592,40.299755501203805
211.9589138133369,147.5,3799.670644558329,55.16888180177709
155.7990412074782,148.0,2656.7446223447905,40.89776377641351
148.8362126766842,147.5,2856.1586837629643,32.54700423563925
119.54723377043365,147.5,2159.0709936248186,31.717046210455308
123.1787749840375,146.5,2217.85776431424,41.70761786459914
139.23889367685885,147.0,2394.859500428657,44.20057385761776
156.91312268927203,148.5,2685.7831001683667,40.78215654243563
187.64292877345122,147.5,3405.0590196076096,49.3017403621086
207.1352988232729,146.5,3908.7554233900614,71.65639078022761
176.08321824405152,147.0,3518.550063164335,37.26481010327615
136.39352263433295,148.0,2461.6352679678475,33.67837438790744
116.27064985283374,147.0,1881.9664371115778,43.57763295798106
97.33319102847824,147.5,1701.3976975002784,27.710605275463536
190.05083730076893,148.0,3667.993632418369,37.514472012114254
173.40992227714395,148.0,3308.4001314357843,35.82625147545801
194.15972091026396,147.5,3391.771982585501,54.78504769664812
183.06858087230307,148.5,3563.7756601137194,32.22799009390263
126.9760698933786,148.0,2375.3154585604343,28.754441744473
122.69417605879731,147.5,2039.5602171232672,39.13691108124497
95.74214987301022,147.0,1421.8043761827755,37.58885138586949
130.95365501067982,147.0,2145.219416457823,47.46542865971348
108.14353231422857,147.5,1767.9975987267728,34.28543022255371
158.83224710038465,146.5,2955.4013932246526,45.48934247963841
180.67070124827106,148.0,2920.0726625440348,52.493973879552954
139.44041400186796,147.0,2763.047305703415,32.029025930161694
159.8369832697798,148.0,2779.3951060312424,39.53731906587291
213.7717246178011,148.0,3606.9719988348934,56.419391726608055
146.51857514512926,147.0,2667.2727360404697,39.30228001465544
113.70698629489539,146.5,2098.17862654521,35.65070911448095
242.9828133054356,147.0,4513.087537011243,61.980085468290156
104.1925873355758,146.5,1777.4151639669458,36.42999898100911
147.20562754049342,147.5,2374.2211994543495,50.27839508390849
100.14161220659713,147.5,1597.2233073529094,34.98686243783486
139.69176815578237,147.5,2394.545250179007,41.197749004138515
147.61959567046165,147.5,2416.867342759174,45.52297863585875
175.762554668971,148.0,3278.960750153152,37.75937384852672
131.75662466037426,146.5,1822.0663685718819,63.76916262771205
233.00876401288068,148.0,4097.346223935056,59.01948233775232
209.1281824972079,147.5,3691.06874517491,58.185929692673525
146.21456348938713,148.0,2523.017257762649,40.69129937877642
110.53489905051626,147.0,1960.3334229052507,33.374546648989465
148.89745133064284,147.5,2863.2754870386443,32.52581354220058
180.18197387598292,147.0,3383.853477895067,44.49531773113857
125.90887145239103,147.0,2189.1412021597944,37.92999032111322
149.17044199966054,147.0,2759.6941809599284,41.46100265264448
150.6587953621385,147.5,2666.077499343941,42.31611017225204
117.56693172779701,147.0,2088.6176051241546,33.83680266713594
160.09877553632765,148.0,2994.75594443937,36.38544766379262
167.09948533257915,147.0,3083.4909138985095,43.04320663271875
130.46491347628802,147.0,2172.1719932429814,43.2119911722898
172.99568755141175,147.5,2826.8878174917227,54.9932306731273
173.37147400406576,148.0,3104.561021149908,44.231520045268525
96.77637544276234,147.5,1790.35384726005,23.122176257512926
111.06311696869399,148.5,2129.781170020503,21.73587572980597
109.28734659698544,147.5,1799.486353121215,35.21865210872164
146.80509320635514,147.0,2487.801995987039,47.05189546126434
193.12466496635787,148.0,3481.9654158670837,44.48046836225802
146.9871969440203,148.0,2735.370422781817,33.76607678420483
170.96157315011328,146.5,3090.4340258169314,59.45310581343975
186.8519844766117,147.5,3355.0974808774,49.140152409407406
152.08669309460547,147.0,2878.953258957281,37.0141128814829
136.27001583255623,147.0,2450.7176618478734,37.9932485651055
163.46089986314843,147.0,2469.9414714040868,62.689318578828235
166.97811999872536,148.0,3242.669781788646,30.570043384882155
165.9924110915764,147.5,2868.78852658845,48.275198922108714
184.06260518461008,148.0,3356.2871764464526,44.35566048636315
200.91173113774835,146.5,3499.023775105079,72.14861674116621
186.7181296204133,148.0,3670.885621841434,32.9985606362376
148.74403769737532,148.0,2637.6198411840323,37.50491051262688
139.66373543014808,147.5,2343.464950073986,42.17955010400556
91.66382195708516,147.5,1504.3137148861758,28.45703355433362
107.04832884488954,146.5,1718.2493020726495,46.77158136337645
168.06151090952656,146.5,3273.8073810637875,44.37073027611456
146.1836530215218,147.5,2539.4014366005986,41.93747486174328
126.0490986652138,147.5,1717.703642385718,50.91174629585437
211.58139051952585,148.5,4213.91604471489,32.29025633920929
161.96073388573132,147.5,3227.019236496911,31.744884425401267
120.84338773253272,147.5,2351.515185359337,24.861126399969805
151.22204217256547,148.0,2975.7573819955996,28.80598879048125
179.79720424934578,147.0,3109.6138368850766,54.37393939034497
206.0273494281192,147.0,3887.860652846549,50.190992170380866
142.708853957075,147.0,2227.2976171472037,52.548268834714165
158.69958309109327,147.0,2968.9293364216305,39.1881859441102
118.4674408390972,147.5,1995.2921280480791,37.34501469286202
143.7154262248931,147.5,2323.255370778823,48.73423568705191
161.39299185431045,147.5,2777.819544271773,46.67644775463516
253.2260617927423,147.5,4930.22776068882,54.27257256333587
221.16250000807517,147.0,4232.690576337853,51.54050202564562
148.32537153026803,148.0,2746.414834600271,34.18928993279307
210.13027045706062,148.0,3663.7804102167374,55.22970404137911
182.11272333652775,147.5,3183.9597937422423,49.82147711621177
198.29283065631657,147.5,3631.8725666473415,48.796833622918115
138.0791354359167,147.0,2472.2156293077487,38.500548895650866
212.11055748662565,147.5,3991.676070460655,50.99283284354408
172.203205370962,147.0,3229.9241473121483,42.29238246296447
175.11202833684894,147.5,2788.2948947387085,60.528582388271246
214.83650745629456,147.5,3392.9321925232703,72.56879406855478
231.772511824982,147.0,3771.091101732819,80.90332683644026
109.78231631798717,147.0,2090.3037917722327,26.662210563798638
185.95841116212753,147.0,3289.2672535884058,53.0923145052742
138.59334737393874,146.5,2354.564193123813,50.610753877464475
230.79315960877142,147.5,4550.740916086579,44.5171674253815
225.59453650240158,148.0,4580.799172206718,36.50700254456274
149.3816028302708,147.5,2745.004559830473,36.835775654887115
221.04662955547695,147.5,3903.3851408749033,60.287550011775565
132.35298651902232,146.5,2276.231247594207,47.44895372391693
244.8226206772844,147.5,4164.090797134827,72.61712000793781
133.57475532025688,146.5,2319.190787095721,46.54724918228001
154.61747455039438,148.5,2701.85531619671,38.09354163768002
114.6097134666078,147.0,1975.4893035726682,35.18209886579287
86.88668910776636,147.0,1484.9476164619239,30.61996955819017
228.74323482627304,148.0,3448.3340575847506,77.26075900854643
103.22979800123632,146.5,1716.8125454624815,42.77452700632358
194.40038596910597,147.5,3295.0671590014767,57.524191785019596
120.34459553380721,147.0,1707.9495418683218,49.49048774056213
224.86403716880343,147.0,3518.917592328486,81.00981419944848
232.2313802557139,148.5,4133.900947157708,53.91073449713676
184.41202682858938,148.0,3426.1576508816297,41.01473273587291
103.06150051238104,147.0,1813.3610042104747,32.3877184247892
235.13592825722375,148.0,4388.879267484723,51.613005953900085
107.82886431701608,147.5,2106.3318063190723,22.005860140802113
226.98058532515287,147.0,4234.566445893581,57.26856750917476
185.57889405099465,147.0,3013.76741556688,64.23424103947869
129.4211133296592,147.0,2285.802878052855,41.565175548402095
148.16896634712407,147.5,2477.218079332274,45.98715476727966
92.90127206100772,147.0,1520.7339105001909,31.809836139100767
137.9005543063122,147.5,2160.293327914993,48.924355444688956
131.99046852431115,148.0,2388.22005016833,31.33657680654717
156.9995823479902,148.0,2851.13063536285,38.35220383627903
105.68258611935114,147.5,1900.27769936303,27.320192621660425
117.90141906271106,147.5,2003.0386841789682,35.09966571209634
131.62661033562117,148.0,2466.6905301914608,28.209372626569333
108.44315971968625,147.0,1772.9619833027796,36.829460336733845
223.06087011703488,147.5,4146.011214314848,55.291898692213096
115.5357215012287,147.0,2013.2850064156312,37.12421358589982
100.98122653421366,147.0,1656.2834397949139,33.793325552894075
171.98142333163406,147.5,3275.4610612680976,40.0354074659366
178.94591724066836,147.0,2991.216814780676,58.07536582077131
178.98194523261355,147.5,3075.003848039497,52.213737260282855
171.35169606952445,147.0,2563.261557860287,66.85647042166026
193.46270211846286,147.5,3966.968475068339,32.65973596237038
169.710845264749,147.5,2793.6894768099555,55.514162760068345
123.92677468309705,147.0,2349.3623332725456,29.61818178782785
135.292353413758,147.5,2438.4534347906083,35.11377673416
221.90236380604648,148.0,4267.966461931323,44.45060321818474
225.5886620615577,148.0,4046.352004534616,52.07680848940771
156.3217517010928,147.5,2692.365674605251,45.60368622848341
185.40424204987784,148.0,3462.6373596308968,41.33864146861282
155.8211264582331,147.0,2888.6153805262015,39.39493262610864
154.62656934542238,147.0,2799.493869688792,46.48314207891913
207.22731062145797,148.0,4082.0443103351986,39.0861638590068
183.36073773948357,148.0,3493.8595324385124,38.76214635600152
127.1329206050314,148.0,2451.9891995622675,25.828755025897465
154.66957015311516,147.5,2836.324388517105,38.334078723531206
139.29275375732448,148.0,2779.5742573188045,24.215086832022422
189.91472689058463,147.0,3169.743690851169,61.35633071853259
220.33691045061937,148.0,3649.3400937193333,63.863528459456646
168.36107791348954,147.0,2837.1151752540695,55.98819480822091
142.7346280157186,147.5,2868.0561882843967,27.437269092605447
149.21134229011915,147.5,2757.9988814446715,36.02835388447491
166.5482088995525,148.5,2969.223186698685,36.8750424906776
